,name,gender,all_time_final_score
2231,Samuel L. Jackson,2,457.34311667887414
31,Tom Hanks,2,392.26903862409074
18277,Sandra Bullock,1,390.53480173569653
85,Johnny Depp,2,390.50189824278254
380,Robert De Niro,2,387.90573610894893
3895,Michael Caine,2,374.40415142073664
6384,Keanu Reeves,2,367.51023675538283
62,Bruce Willis,2,365.4230823738934
3223,Robert Downey Jr.,2,349.86696782807974
65717,Jon Hamm,2,346.26069634490386
192,Morgan Freeman,2,339.4367479125887
287,Brad Pitt,2,327.70813154256837
10990,Emma Watson,1,321.44238424991397
8691,Zoe Saldana,1,317.705480820784
2232,Michael Keaton,2,312.887629860428
57755,Woody Harrelson,2,312.27721564172236
3,Harrison Ford,2,297.6883434969454
118,Geoffrey Rush,2,296.0345223741473
3894,Christian Bale,2,289.02466121895
64,Gary Oldman,2,286.80295616789806
3896,Liam Neeson,2,283.18767645488947
1245,Scarlett Johansson,1,283.0527941036954
3061,Ewan McGregor,2,281.11231023116574
10205,Sigourney Weaver,1,280.70263531564177
880,Ben Affleck,2,278.7561190858803
1892,Matt Damon,2,274.1200484192464
5293,Willem Dafoe,2,267.62486494317693
16828,Chris Evans,2,265.0166456390928
1979,Kevin Spacey,2,264.23910808806977
18897,Jackie Chan,2,260.9832526161827
8891,John Travolta,2,258.61688685975696
500,Tom Cruise,2,258.4844785333527
1158,Al Pacino,2,258.2571762552461
2963,Nicolas Cage,2,255.14435684603322
10859,Ryan Reynolds,2,249.9607916979407
73457,Chris Pratt,2,246.00757711460915
62064,Chris Pine,2,245.2307191050173
32,Robin Wright,1,242.67724882854645
1333,Andy Serkis,2,238.92055080618528
2157,Robin Williams,2,237.00146097167897
16483,Sylvester Stallone,2,235.65876655158425
19,Allison Janney,1,234.70959231343767
1230,John Goodman,2,228.94249728639156
4495,Steve Carell,2,226.46302620737964
190,Clint Eastwood,2,224.2932101343794
2282,Ben Kingsley,2,221.4481022666053
11207,David Thewlis,2,220.98554276857467
12835,Vin Diesel,2,220.8091006002109
6193,Leonardo DiCaprio,2,217.53107306065115
1327,Ian McKellen,2,215.7158580790555
51329,Bradley Cooper,2,214.97181205017054
2283,Stanley Tucci,2,212.48884156635899
8945,Kevin Kline,2,212.26884331436622
4581,Steve Coogan,2,212.2010225938268
4483,Dustin Hoffman,2,210.68483562674993
13240,Mark Wahlberg,2,210.0337514451527
90633,Gal Gadot,1,209.56372937449603
55636,Donald Sutherland,2,208.73051537961936
1231,Julianne Moore,1,206.79335845000477
5292,Denzel Washington,2,205.84052994073738
514,Jack Nicholson,2,205.4927248214891
51990,T.J. Miller,2,204.61550251536386
134,Jamie Foxx,2,202.8538054299722
4173,Anthony Hopkins,2,201.68284003497757
1037,Harvey Keitel,2,199.94445311263846
1229,Jeff Bridges,2,199.48658547822382
6856,Kurt Russell,2,198.5206183124795
2461,Mel Gibson,2,196.79193330745036
4690,Christopher Walken,2,196.5345504038646
5469,Ralph Fiennes,2,195.18929960422818
193,Gene Hackman,2,195.14964252449153
103,Mark Ruffalo,2,193.49918520143692
65731,Sam Worthington,2,191.90192725638713
738,Sean Connery,2,191.62685126561138
72129,Jennifer Lawrence,1,191.49144113677679
5064,Meryl Streep,1,191.32573840456402
10980,Daniel Radcliffe,2,190.48196184571643
3087,Robert Duvall,2,190.08506475341954
17051,James Franco,2,189.69355811720098
2227,Nicole Kidman,1,188.8126111962924
3036,John Cusack,2,186.97390138105695
17604,Jeremy Renner,2,186.71334342305775
5723,John Leguizamo,2,185.67538937211944
1269,Kevin Costner,2,184.82117660957798
2975,Laurence Fishburne,2,184.25994114778703
884,Steve Buscemi,2,183.80954254231872
18999,J.K. Simmons,2,182.07997804141903
1233,Philip Seymour Hoffman,2,181.87194150172692
569,Ethan Hawke,2,177.68817925750716
116,Keira Knightley,1,177.12995030976856
1283,Helena Bonham Carter,1,176.48015406186
7447,Alec Baldwin,2,176.29087226854233
112,Cate Blanchett,1,176.06366386176018
1159982,Ansel Elgort,2,175.80429048649464
3131,Antonio Banderas,2,175.65189613205087
7056,Emma Thompson,1,175.4204128254739
66580,Scott Adsit,2,174.7449236848997
17288,Michael Fassbender,2,174.43893358239558
819,Edward Norton,2,174.254609460927
139,Uma Thurman,1,173.7098513098483
109,Elijah Wood,2,173.63551272594756
10182,Ving Rhames,2,172.97670332055904
4038,Susan Sarandon,1,172.58548878846432
1532,Bill Murray,2,171.32379360631776
6413,Danny Huston,2,171.1758391963806
1100,Arnold Schwarzenegger,2,170.91087338466076
5049,John Hurt,2,170.86256704189913
1461,George Clooney,2,170.455758996879
4135,Robert Redford,2,169.71760353607775
114,Orlando Bloom,2,169.50988921722313
7399,Ben Stiller,2,169.04187627023737
6968,Hugh Jackman,2,168.9951715156827
10297,Matthew McConaughey,2,168.8183206784827
131,Jake Gyllenhaal,2,168.58488119781825
4165,John Wayne,2,168.04985231475223
228,Ed Harris,2,167.44356582800935
72466,Colin Farrell,2,165.5453290918778
1243,Woody Allen,2,165.51039594659815
2039,Brendan Gleeson,2,165.25318814164766
221018,Dan Stevens,2,164.67528981462604
3489,Naomi Watts,1,164.6150675944202
1640,Stellan Skarsgård,2,162.9372243106995
1248,Brian Cox,2,162.8660970004658
2176,Tommy Lee Jones,2,161.76190987567324
113,Christopher Lee,2,160.84883646449305
2888,Will Smith,2,160.24734661541004
524,Natalie Portman,1,160.2192394214396
9642,Jude Law,2,159.85863977253774
1204,Julia Roberts,1,159.68699062724613
976,Jason Statham,2,158.99368143588782
854,James Stewart,2,157.78738030866066
6065,Dennis Quaid,2,157.556257236272
2178,Forest Whitaker,2,157.29674742386703
1896,Don Cheadle,2,156.7852706847225
6949,John Malkovich,2,155.30490147676048
6885,Charlize Theron,1,155.23472788242432
2228,Sean Penn,2,154.3977050034546
2505,James Cromwell,2,154.2612345798331
114019,Luke Evans,2,153.65543853482563
27972,Josh Hutcherson,2,152.2359755597496
3392,Michael Douglas,2,151.69764498807558
934,Russell Crowe,2,151.65862270496714
10882,Rosamund Pike,1,151.2791185261674
227,William Hurt,2,151.0203738915375
206,Jim Carrey,2,150.64913485289375
290,Christopher Plummer,2,150.63840683120821
204,Kate Winslet,1,150.6244842064287
13242,Paul Giamatti,2,150.49651796672845
6383,Aaron Eckhart,2,148.97434620910857
15735,Helen Mirren,1,148.9130749990516
74568,Chris Hemsworth,2,148.18972679239874
15831,Frank Welker,2,148.14623879118153
37917,Kristen Stewart,1,147.68488665514744
5576,Val Kilmer,2,147.61556890654626
4566,Alan Rickman,2,147.5951031481366
887,Owen Wilson,2,147.54689081329028
4724,Kevin Bacon,2,147.50384896902295
11701,Angelina Jolie,1,147.3269307947417
3636,Paul Newman,2,146.6140957783869
12052,Gwyneth Paltrow,1,144.86330219672647
935,Connie Nielsen,1,144.85649613815875
16940,Jeremy Irons,2,144.63039886321124
3084,Marlon Brando,2,144.59183754250765
6283,Michael Nyqvist,2,144.0576544403487
504,Tim Robbins,2,143.9752034279208
24045,Joseph Gordon-Levitt,2,143.71627361467282
6941,Cameron Diaz,1,143.4809352462461
1771,Giovanni Ribisi,2,143.47315798933911
517,Pierce Brosnan,2,142.8976631975653
529,Guy Pearce,2,142.89179298401783
205,Kirsten Dunst,1,142.40035254912715
585,Rutger Hauer,2,141.22186612233884
19292,Adam Sandler,2,141.03180304261483
21088,Alan Tudyk,2,140.86415854552993
16927,Gérard Depardieu,2,140.7003635235353
515,Glenn Close,1,140.59626298632554
9281,Elizabeth Banks,1,140.2490592579576
518,Danny DeVito,2,140.18959587050034
776,Eddie Murphy,2,140.04577378128167
2524,Tom Hardy,2,140.0081736851023
3129,Tim Roth,2,139.46284733114726
1016168,Lily James,1,139.36102244298277
12094,Jennifer Saunders,1,138.9806227343632
4764,John C. Reilly,2,138.88661181190855
2387,Patrick Stewart,2,138.65785174192268
18324,Steve Zahn,2,138.4463372417237
2053,Bill Paxton,2,138.1501962365072
2047,Danny Glover,2,138.06780963569852
110,Viggo Mortensen,2,137.02269679553825
207,Tom Wilkinson,2,136.33636778530132
12132,Michael Rooker,2,135.9099815090793
17605,Idris Elba,2,135.69579106047155
10989,Rupert Grint,2,135.63587505767504
22226,Paul Rudd,2,135.30336190421016
388,Jim Broadbent,2,135.06127544561943
5530,James McAvoy,2,134.88187430613021
5472,Colin Firth,2,134.52972121279075
1241,John Turturro,2,134.23646754567451
2440,Bill Nighy,2,134.08557252376227
70851,Jack Black,2,133.9704454183168
2372,Ron Perlman,2,133.93471735951067
1810,Heath Ledger,2,133.62453274515866
3293,Rachel Weisz,1,132.68990682543236
1813,Anne Hathaway,1,131.74895954123662
9273,Amy Adams,1,131.74143898309785
3092,Diane Keaton,1,131.73610611317292
71580,Benedict Cumberbatch,2,131.66171389821508
2201,Max von Sydow,2,130.94274417500557
11108,Simon Pegg,2,130.8649924269582
18918,Dwayne Johnson,2,130.63018645916483
5658,Michael Gambon,2,130.33686814959256
53650,Anthony Mackie,2,129.92791104357795
48,Sean Bean,2,129.7917486710282
41091,Kristen Wiig,1,129.65302969360513
6162,Paul Bettany,2,129.10771479095908
4512,James Woods,2,128.82661744533186
3085,James Caan,2,128.70705580983108
1062,Christopher Lloyd,2,128.1106316879742
19498,Jon Bernthal,2,127.79220959285337
10127,Jon Voight,2,127.51016377862152
4958,Henry Fonda,2,127.31249888990966
69597,Drew Barrymore,1,127.1276566152803
515510,Ryan Potter,2,127.0894897364214
543530,Dave Bautista,2,127.04225752562235
7624,Stan Lee,2,126.86912141171908
3063,Tilda Swinton,1,126.72498214622006
2983,Mark Strong,2,126.08970032513069
1920,Winona Ryder,1,125.7847159833439
1160,Michelle Pfeiffer,1,125.76728121072792
6807,Sam Rockwell,2,125.65295562806953
8784,Daniel Craig,2,125.63710233676382
3905,William H. Macy,2,125.52140416868954
1205,Richard Gere,2,125.1968336918805
67773,Steve Martin,2,125.05659215904392
1003,Jean Reno,2,124.48059508843615
54415,Josh Gad,2,124.24780870676015
3810,Javier Bardem,2,124.14918526181903
1733,Nick Nolte,2,123.78616681190316
707,Dan Aykroyd,2,123.66148360876977
1331,Hugo Weaving,2,123.33818414531387
2037,Cillian Murphy,2,123.08018325892989
501,Dakota Fanning,1,122.92128443069863
3967,Kate Beckinsale,1,122.45643250678432
1925,Vincent Cassel,2,122.39651047417438
17276,Gerard Butler,2,122.36613502021528
7132,Vincent D'Onofrio,2,121.99608033046687
8349,Martin Sheen,2,121.88865771930563
10978,Maggie Smith,1,121.5856325537176
5916,Rosario Dawson,1,121.36968144793155
23659,Will Ferrell,2,121.08591222243102
65,Ian Holm,2,120.61905515521414
53714,Rachel McAdams,1,120.5974495412461
4110,Humphrey Bogart,2,120.10458377851172
2296,Clive Owen,2,119.75288562334424
2,Mark Hamill,2,119.41231544165561
54882,Morena Baccarin,1,119.31066697393838
1905,Vincent Price,2,118.98805767887787
4783,Sam Neill,2,118.62251133810688
21007,Jonah Hill,2,118.02947692102755
658,Alfred Molina,2,117.84216102346424
6972,Ian McShane,2,116.9569720972343
368,Reese Witherspoon,1,116.58808365154712
1125,Ewen Bremner,2,116.36336601028128
2295,Mickey Rourke,2,116.30981726956394
1038,Jodie Foster,1,116.26958769155617
2229,Catherine Keener,1,116.24394030441566
13784,Burt Lancaster,2,116.13338245778142
15152,James Earl Jones,0,116.0156477456311
8293,Marion Cotillard,1,115.69021073534245
521,Michael J. Fox,2,115.36854187546406
73421,Joaquin Phoenix,2,115.35494891411862
8447,Jeff Daniels,2,115.29717536043555
16851,Josh Brolin,2,115.29580241505644
1336,Jet Li,2,115.1312396134029
1121,Benicio del Toro,2,114.97035106073632
2130,Cary Elwes,2,114.91929817888393
83002,Jessica Chastain,1,114.68629938226907
41686,Neil Patrick Harris,2,114.62509242473435
8930,John Cleese,0,114.32495721471687
30614,Ryan Gosling,2,113.96690061463858
11477,Ray Liotta,2,113.45271420756357
17647,Michelle Rodriguez,1,113.12072442960313
35742,Shah Rukh Khan,2,112.91426490617732
44735,Jesse Eisenberg,2,112.86478415613009
1276,Patricia Clarkson,1,112.74968984073108
3051,Toni Collette,1,112.56083293254237
55638,Kevin Hart,2,112.38887820480166
32747,Stephen Lang,2,112.1216625151761
19274,Seth Rogen,2,111.79332490214766
9195,Hiroyuki Sanada,0,111.77849866469188
124747,Pierre Coffin,2,111.38013664555373
879,Billy Bob Thornton,2,110.94562992138799
1579,Maggie Gyllenhaal,1,110.84586840440728
2395,Whoopi Goldberg,1,110.3886761802968
1271,Andy García,2,110.09853436861331
2224,Christian Slater,2,110.07815002561252
10017,Charlton Heston,2,110.07497018604577
10431,Jennifer Jason Leigh,1,109.65907222271379
2955,Chris Cooper,2,109.56085327584368
28633,Richard Jenkins,2,109.45999189638894
12074,John Lithgow,2,109.29555301235152
3234,Joan Cusack,1,108.763875015309
20750,Judy Greer,1,108.48329140476667
82093,Daniel Henney,2,108.26585242419108
2638,Cary Grant,2,107.88754732200785
96066,Liam Hemsworth,2,107.70283894875111
8487,Gregory Peck,2,107.68926189077173
9191,Timothy Spall,2,107.59381254945798
5048,Harry Dean Stanton,2,107.4834240250681
5657,Anjelica Huston,1,107.26024851136125
4491,Jennifer Aniston,1,107.2305315075889
1137,Juliette Binoche,1,107.00531119972985
589,Daryl Hannah,1,106.52997964502289
5309,Judi Dench,1,106.5129461473133
78324,Jamie Chung,1,106.29290394005677
996701,Miles Teller,2,106.18252351870633
20286,Toby Kebbell,2,105.74151142533756
10959,Shia LaBeouf,2,105.65558363244011
6161,Jennifer Connelly,1,105.48610662428732
2778,Dennis Hopper,2,104.83407615167395
52792,Maya Rudolph,1,104.80628155242346
7060,Martin Freeman,2,104.77574489080084
5294,Chiwetel Ejiofor,2,104.51093274917332
1903,Alan Arkin,2,104.30590421565707
6952,Charlie Sheen,2,104.21433043853176
17178,Patrick Wilson,2,104.04471437314868
350,Laura Linney,1,103.82104764028915
23532,Jason Bateman,2,103.78768253160747
3490,Adrien Brody,2,103.67587741673753
5081,Emily Blunt,1,103.47801927365674
3623,Elena Anaya,1,103.44417424573797
4756,Matthew Broderick,2,103.36232237385411
53,Peter Stormare,2,103.20425830828013
8534,Kathy Bates,1,103.10268814980948
19278,Bill Hader,2,102.67198938460987
1019,Mads Mikkelsen,2,102.62524811099726
588,M. Emmet Walsh,2,102.43798358386604
3037,Richard Dreyfuss,2,102.16420950114723
3141,Marisa Tomei,1,101.97797826861536
38673,Channing Tatum,2,101.9638049380797
3968,Michael Sheen,2,101.87760568868104
2882,Diane Lane,1,101.85039850879747
4785,Jeff Goldblum,2,101.68519872815199
21089,Bruce Greenwood,2,101.33926822035706
10814,Wesley Snipes,2,101.25565429284005
65827,Keith David,2,101.238970657334
8289,Billy Crudup,2,100.65817867895875
335,Michael Shannon,2,100.04252862305677
13333,Vanessa Redgrave,1,99.58615401570633
8984,Bill Pullman,2,99.56394392009247
3872,Daniel Brühl,2,99.56159358968839
54693,Emma Stone,1,99.4193515167625
7036,Eric Stoltz,2,99.38382482752957
13014,Toby Jones,2,99.0161571456588
84223,Anna Kendrick,1,98.68667891825208
91606,Tom Hiddleston,2,98.64119923375667
3151,Jack Lemmon,2,98.59711009136412
1923,Robbie Coltrane,2,98.2392068381346
87722,Noomi Rapace,1,98.22680699749156
955,Penélope Cruz,1,97.98023453658556
1047649,Ed Skrein,2,97.91253776887041
115150,Kaya Scodelario,1,97.81058329166684
18050,Elle Fanning,1,97.66032491832595
12898,Tim Allen,2,97.60998340341908
20212,Dermot Mulroney,2,97.41254595412337
15761,Grey Griffin,1,97.3352503875384
12077,Jim Cummings,2,96.94554035182739
11390,Peter O'Toole,2,96.8681908141642
2219,Tobey Maguire,2,96.26733435057383
543261,Karen Gillan,1,96.22777977880739
13922,Seth Green,2,96.20149404726655
2628,Kiefer Sutherland,2,95.85106663418142
237455,Sam Claflin,2,95.84197803238202
3136,Salma Hayek,1,95.5668990841603
18269,Brendan Fraser,2,95.48718102274405
8785,Ciarán Hinds,2,95.41641685646249
1639,Emily Watson,0,95.30613308927724
1328,Sean Astin,2,95.29397470659515
1893,Casey Affleck,2,95.24874474736221
2876,Matt Dillon,2,95.24452861271344
13022,Tom Berenger,2,95.21727509543071
72855,Felicity Jones,1,95.1464612758979
454,Michael Peña,2,94.96899938618245
10993,Tom Felton,2,94.65160919732782
938,Djimon Hounsou,2,94.64342673743467
6886,Christina Ricci,1,94.38312921670351
59450,Katy Mixon,1,94.36410732607507
5470,Kristin Scott Thomas,1,94.29139338623264
18354,Bridget Moynahan,1,94.17264362098918
2954,Jeffrey Wright,2,94.13432617900455
7499,Jared Leto,2,94.12642852064849
20089,Jena Malone,1,94.03501189946827
194,Richard Harris,2,93.96459902201673
12248,Alec Guinness,2,93.57073581355193
6944,Octavia Spencer,1,93.56172050940764
4960,Charles Bronson,2,93.52215272902399
3291,Hugh Grant,2,93.43620336165007
2090,Kirk Douglas,2,93.15809399126802
7450,Toshirō Mifune,2,92.92970082329265
8783,Eric Bana,2,92.12333950500073
56890,Malcolm McDowell,2,92.08212241395032
35,Sally Field,1,92.0743261295726
3416,Demi Moore,1,91.63448348167482
530,Carrie-Anne Moss,1,91.59840987568892
2449,Kevin McNally,2,91.5940016998868
60898,Sebastian Stan,2,91.53285586526451
27105,Ed Helms,2,91.41784184596376
18686,Holly Hunter,1,91.14781578539376
3910,Frances McDormand,1,90.9012725471788
550843,Elizabeth Olsen,1,90.48875779727094
11181,Kenneth Branagh,2,90.46001653185816
6574,Clancy Brown,2,90.42700518693634
19492,Viola Davis,1,90.22503753006154
6450,Faye Dunaway,1,90.21210728911875
1665,Eddie Marsan,2,90.15383621632252
1216606,Gugu Mbatha-Raw,1,89.63152921155078
9778,Ice Cube,2,89.59567953616099
50,Catherine Deneuve,1,89.59528736126272
52,David Morse,2,89.57657649597137
2091,James Mason,2,89.47278300787612
15758,Queen Latifah,1,89.33462517924615
11064,David Strathairn,2,89.2327131443014
4391,Charles Dance,2,88.91869319243786
378,Jonathan Pryce,2,88.90549750945581
5,Peter Cushing,2,88.8557325700367
11355,Jason Isaacs,2,88.61176224955614
4937,Vince Vaughn,2,88.33723799975151
23626,Liev Schreiber,2,88.30937124920479
1736,James Remar,2,88.02562384636633
56734,Chloë Grace Moretz,1,87.51510713994921
6837,Walter Matthau,2,87.48384116364454
9137,Renée Zellweger,1,86.9974236520788
12900,Wallace Shawn,2,86.93784854809027
78110,Scott Adkins,2,86.8912745397462
349,Scott Glenn,2,86.84794254476812
15111,Jean-Claude Van Damme,2,86.79316020536952
9221,Donald Pleasence,2,86.4994633267245
2632,Chris Rock,2,86.46201204093956
382,Bob Hoskins,2,86.40536721353563
882,Liv Tyler,1,86.30327293684871
71586,Alfie Allen,2,86.12177197983672
58225,Zach Galifianakis,2,85.98669304950943
80602,Tyler Perry,2,85.97042909198827
1370,Brad Dourif,2,85.93680739100981
2453,Mary Steenburgen,1,85.72778899128728
17141,Greg Kinnear,2,85.60287873415682
49,Maria Bello,1,85.51778414198115
73476,Michael Beattie,2,85.32723850182936
40462,Kristen Bell,1,85.273244553719
11006,James Marsden,2,85.2613572771764
2714,Lance Henriksen,2,85.17243957760715
28782,Monica Bellucci,1,85.12868072411489
4090,Shirley MacLaine,1,84.93584966064697
9827,Rose Byrne,1,84.83879464029087
76512,Jason Clarke,2,84.65864809015389
87822,Damon Wayans Jr.,2,84.30202332729539
17401,Stephen Root,2,84.22282697351953
9777,Cuba Gooding Jr.,2,84.19405476186904
46593,Emile Hirsch,2,84.17580319286016
4,Carrie Fisher,1,84.16970828671381
7904,Billy Crystal,2,84.08032189725688
3196,Juliette Lewis,1,84.01150771460543
1341,Donnie Yen,2,84.00523447945048
3926,Albert Finney,0,83.88515742018393
11288,Robert Pattinson,2,83.728602539088
9048,Clark Gregg,2,83.56739307366846
41292,Keri Russell,1,83.47013501773027
17419,Bryan Cranston,2,83.42438204019474
9824,Diane Kruger,1,83.13031333686128
108916,Rooney Mara,1,82.9926979830854
3380,Bette Davis,1,82.63554147595623
4587,Halle Berry,1,82.61542465170257
140,Lucy Liu,1,82.2131299704316
8252,William Holden,2,82.16195665844957
4784,Laura Dern,1,82.13913651447812
4517,Joe Pesci,2,82.00355300024756
13726,Ned Beatty,2,81.98742715480962
5168,Gabriel Byrne,2,81.7388490214767
11160,Danny Trejo,2,81.56806634946004
4175,Jeffrey Tambor,2,81.56370090671848
9880,Sam Shepard,2,81.5055287859852
5344,Meg Ryan,1,81.26159340358005
11148,Joan Allen,1,81.11581654150648
17485,Oliver Platt,2,81.10930235772568
448,Hilary Swank,1,81.09694977907446
11357,Bruce Campbell,2,81.06380632080172
5563,James Coburn,2,81.00049507220083
516,Annette Bening,1,80.908064387336
147,Michael Madsen,2,80.83568350176759
5419,Saïd Taghmaoui,0,80.78338915146027
17142,Paul Dano,2,80.74418255016727
1371,David Wenham,2,80.58812685496078
37625,Andrew Garfield,2,80.53971559517747
467645,Boyd Holbrook,2,80.53612201354396
1619,Chow Yun-fat,2,80.40136676821515
5724,Denis Leary,2,80.29719999812865
133,Peter Sarsgaard,2,79.85007076630346
81685,Frank Grillo,2,79.7112811227517
6905,Bruce Dern,1,79.70432302485646
5401,Anthony Quinn,2,79.58171072481187
11155,Thomas Jane,2,79.56613090391106
13848,Charlie Chaplin,2,79.48106063425388
10823,Kris Kristofferson,2,79.4071010418592
5538,Ray Winstone,2,79.36663071323895
11705,Michelle Monaghan,1,79.29898056621414
21028,Anton Yelchin,2,79.24207826732174
1294,Missi Pyle,1,79.22130040539295
25072,Oscar Isaac,2,79.1630325617569
7502,Ernest Borgnine,2,78.89662373265071
236696,Terry Notary,0,78.79847065410846
1932,Audrey Hepburn,0,78.73635781120471
13550,Elias Koteas,2,78.6773391645727
8654,Matthew Modine,2,78.63119785570937
8944,Jamie Lee Curtis,1,78.50421935362473
8436,Miranda Richardson,1,78.46643703087985
586,Sean Young,1,78.43164388912317
10912,Eva Green,1,78.35450631565068
13565,Steve McQueen,2,78.26651351371429
21657,Vera Farmiga,1,78.21105622806834
1308445,Carrie Coon,1,78.14361192882116
44079,Charlotte Rampling,1,78.04444504483283
15033,Justin Long,2,77.98836593526488
13,Albert Brooks,2,77.95900480425105
33192,Joel Edgerton,2,77.60221680130665
12021,Mia Farrow,0,77.54109122306886
589162,Génesis Rodríguez,1,77.49381072914593
886,William Fichtner,2,77.46402194491743
17832,Carla Gugino,1,77.4435856152046
10430,Fred Ward,2,77.42922780779544
5587,Hank Azaria,2,77.38512095686377
3197,Tom Sizemore,2,77.29929928330698
2165,Rosanna Arquette,1,76.92063522285022
56731,Jessica Alba,1,76.9054923565366
4589,Benjamin Bratt,2,76.73992183118447
54812,Chevy Chase,2,76.5093648559881
18288,Terrence Howard,2,76.49344729567864
78452,Gina Carano,1,76.4794452183376
88995,Adrianne Palicki,1,76.4492791682153
3292,Nicholas Hoult,2,76.40994315646597
71070,Amanda Seyfried,1,76.22327813814353
1936,Martin Balsam,2,76.14396724770153
9278,Jennifer Garner,1,75.81608901915797
26485,Jim Belushi,2,75.56449028460575
59233,Scoot McNairy,2,75.54077364662636
12834,Barry Pepper,2,75.43345274022876
40481,Luis Guzmán,2,75.42105861832418
4139,Tom Skerritt,2,75.36822851637474
7505,Roddy McDowall,2,75.35053406037323
5149,Bonnie Hunt,1,75.31101258135021
527393,Dylan O'Brien,2,75.25111753396696
6355,Roy Scheider,2,75.21199114966447
6486,Dan Hedaya,2,75.16893778913526
4726,Marcia Gay Harden,1,75.15249590186532
33,Gary Sinise,2,75.07207015638981
16475,Burt Reynolds,2,74.87802028515111
10158,Robert Mitchum,2,74.87262071423002
1337,Tony Leung Chiu-Wai,2,74.80311293760197
3491,Thomas Kretschmann,2,74.57921864830811
1620,Michelle Yeoh,1,74.56490939835814
20766,Richard E. Grant,2,74.33293788686558
90496,Masako Nozawa,0,74.2713436092192
12073,Mike Myers,2,74.2711669854642
14888,Bruce McGill,2,74.21735316660305
40,Orson Welles,2,74.16652351450232
36422,Luke Wilson,2,74.15651001731912
21315,Eric Roberts,2,74.13311908635805
7907,John Ratzenberger,2,74.03992196871904
6573,William Sadler,2,74.00495679532047
29222,Zac Efron,2,73.97173296188402
587,Edward James Olmos,2,73.9677697673492
1772,Anna Faris,1,73.91811204311898
21165,Kim Dickens,1,73.91121501678441
6352,Jane Fonda,1,73.73731808117256
1340664,Ava Acres,1,73.73028209241386
1812,Michelle Williams,1,73.71676682137998
9780,Angela Bassett,1,73.60321020443764
25246,Andy Lau,2,73.59723378094658
326,Kim Basinger,1,73.53989260262863
18973,Mila Kunis,1,73.51423668580651
69122,Heather Graham,1,73.46467807554056
28641,Terence Stamp,2,73.42126911031741
8167,Paul Walker,2,73.34321943701208
99,Amanda Plummer,1,73.18101205040236
4029,Bob Gunton,2,73.10534291920321
8329,Radha Mitchell,1,72.91966012882095
12799,Jeremy Piven,2,72.75276697683101
10767,Barbara Hershey,1,72.65471272283851
11107,Ben Foster,2,72.63998122933819
4808,Giancarlo Esposito,2,72.5847207033422
8688,Diego Luna,2,72.39772353809377
37632,Eddie Redmayne,2,72.27254307599053
1462,Tim Blake Nelson,2,72.22290800408969
58224,Jason Sudeikis,2,72.04234062198954
7026,Rhys Ifans,2,71.91322778870266
34982,Jeff Bennett,2,71.83164910337484
15277,Jon Favreau,2,71.71978917502484
258,Gael García Bernal,2,71.67631456421587
14343,Rene Russo,1,71.59668989777704
1922,Catherine Zeta-Jones,1,71.55459371922112
16866,Jennifer Lopez,1,71.48691651769425
78423,Omar Sy,2,71.4678009696545
38940,Evan Rachel Wood,1,71.4382752226772
12446,Peter Sellers,2,71.30972198121863
8924,Frank Langella,2,71.2882243075231
11664,Zooey Deschanel,1,71.11920666031315
1372,Karl Urban,2,71.08199405714181
27428,Aaron Taylor-Johnson,2,71.0367817646778
8767,Jim Caviezel,2,71.01219364332447
418,Robert Patrick,2,70.92790810745427
63,Milla Jovovich,1,70.91871707381128
1247,Matthew Goode,2,70.7080085525603
31531,John DiMaggio,0,70.67725067080202
14974,Barbara Stanwyck,1,70.61988818680646
57599,Seann William Scott,2,70.5886855085819
15250,Hope Davis,1,70.4994287738483
11663,Patrick Fugit,2,70.36997533012057
13472,Tim Curry,2,70.2709996141199
973,Jason Flemyng,2,70.2401845421278
2467,James Cosmo,2,70.22495883925914
7664,Joseph Cotten,2,70.16976156726531
14887,Paddy Considine,2,70.05661829919559
2880,Emilio Estevez,2,69.9760784260323
4430,Sharon Stone,1,69.88561125232178
449,Jay Baruchel,2,69.82311537887743
1237,Flea,2,69.75340670308748
1017347,Brenton Thwaites,2,69.69860924347861
58395,Karin Konoval,1,69.65491888893442
825,Stacy Keach,2,69.5743505458644
11514,Catherine O'Hara,0,69.5541334769861
10822,Stephen Dorff,2,69.42278628797065
56322,Amy Poehler,1,69.39315167959708
10872,Patton Oswalt,2,69.37071130037607
59231,Joel David Moore,2,69.32150738551356
51072,Kate Mara,1,69.30221721456041
21200,Will Arnett,2,69.29599967145754
27578,Ellen Page,1,69.20657760527563
1829985,Lilly Aspell,1,69.15327510368459
3460,Gene Wilder,2,69.0715920291566
4443,Christopher McDonald,2,69.03918117288616
23459,Sienna Miller,1,68.91796252573376
7180,John Candy,2,68.81460778896918
20904,James Hong,2,68.80478954253975
5694,Robert Forster,2,68.76002962388009
1265060,Dave Rosenbaum,0,68.7313261660811
187565,Audra McDonald,1,68.71999343024548
11367,Bradley Whitford,2,68.68090675096062
723,Patrick Swayze,2,68.59623997152899
1737,David Patrick Kelly,2,68.57584593515627
15556,Rebecca Hall,1,68.49568889434013
9994,Helen Hunt,1,68.47956694407685
478,Jamie Bell,2,68.43450096080727
3982,Xander Berkeley,2,68.34410832499364
72095,Lee Pace,2,68.28725614117216
655,John Rhys-Davies,2,68.10183927420526
11159,Cheech Marin,2,67.98332752872848
9560,Ellen Burstyn,1,67.95530812089915
17882,Isabelle Huppert,1,67.90148028837748
26510,Eugene Levy,2,67.89862426084446
19588,Miyu Irino,0,67.7708423324001
7166,Kevin Pollak,2,67.63424797482298
11111,Lucy Davis,1,67.63211242293163
56365,Charlie Hunnam,2,67.42684664127498
18023,Robert Carlyle,2,67.34567970790778
93210,Domhnall Gleeson,2,67.34234815668242
16896,James Garner,2,67.3359956844606
4068,Gary Cooper,2,67.32260317335205
532,Joe Pantoliano,2,67.30410593462162
138,Quentin Tarantino,2,67.26588833386833
7570,Lauren Bacall,1,67.20204160577981
9575,Jada Pinkett Smith,1,67.05494191211564
6280,Powers Boothe,2,66.976453799908
8977,Craig T. Nelson,2,66.89679481222961
1748,William Shatner,2,66.85012938635072
3359,Laurence Olivier,2,66.79169092486411
10860,Jessica Biel,1,66.67960720295315
2641,Martin Landau,2,66.51906669464833
6832,Melissa Leo,1,66.5028288760842
11662,Jason Lee,2,66.4008545425951
4492,Philip Baker Hall,2,66.34991519164828
9029,Stephen Rea,2,66.34903198123268
33235,Logan Lerman,2,66.29114238811914
12041,Julia Stiles,1,66.23501313429573
34847,Emma Roberts,1,66.18379486271765
18792,Delroy Lindo,2,66.15412356734822
5823,Julie Andrews,1,66.1448720805102
4935,Pete Postlethwaite,2,66.11174049593157
4238,Common,0,66.07917499667265
1246,Emily Mortimer,1,66.04858900617414
225730,Ryunosuke Kamiki,2,66.02178479584856
11864,Ryan Phillippe,2,65.97195704909365
18992,Aidan Quinn,2,65.92782974753541
94185,Shailene Woodley,1,65.9238116623437
11885,John C. McGinley,2,65.88316138758087
1222992,Eiza González,1,65.84434462752486
1981,Alfre Woodard,1,65.84305021854543
11512,John Heard,2,65.67463863077899
41088,Jason Segel,2,65.58217223245555
17402,Ron Livingston,2,65.49321593143365
4765,Jason Robards,2,65.46497527044431
30485,CCH Pounder,1,65.42214681145005
121323,Bess Flowers,1,65.3784197827945
77335,Ben Mendelsohn,2,65.30919306890502
5606,Sissy Spacek,1,65.22602548653556
11356,Imelda Staunton,1,65.22415638205858
6197,Brian Dennehy,2,65.13475446263828
6368,Embeth Davidtz,1,65.08404459632325
10696,Famke Janssen,1,64.96829149073264
15852,Ashley Judd,1,64.9576650424906
352,Dennis Haysbert,2,64.93240937176964
2076,David Warner,2,64.91384217715381
1904,Anthony Michael Hall,2,64.86971981036679
15757,Ray Romano,2,64.82306683068904
4431,Jessica Lange,1,64.61772219381564
13548,James Spader,2,64.55659231144526
7908,Frank Oz,2,64.54004977704795
2299,Josh Hartnett,2,64.51938208313237
52848,Isla Fisher,1,64.44932006934353
936,Oliver Reed,2,64.42603789535438
522,Rod Steiger,2,64.3628213628363
36594,Juno Temple,1,64.33571406223912
16644,Dolph Lundgren,2,64.28897150099056
5676,Marcello Mastroianni,2,64.28661708829542
2038,Naomie Harris,1,64.26306560713036
59620,Gemma Arterton,1,64.26047407109813
17064,Ben Whishaw,2,64.23974631076577
11187,Louis de Funès,2,64.19757241352895
3265,Eli Wallach,2,64.17925927863772
76793,Irrfan Khan,2,64.17853884092936
11856,Daniel Day-Lewis,2,64.1311826514445
1244,Jonathan Rhys Meyers,2,64.05103722583063
537,Stephen Tobolowsky,2,63.961981191437275
4252,Tony Shalhoub,2,63.91766135364841
9188,Billy Connolly,0,63.88034874388493
11661,Kate Hudson,1,63.82695788197796
21132,Abraham Benrubi,2,63.76583707336162
2518,Gregg Henry,2,63.74534700774555
4800,Gena Rowlands,1,63.57326466604152
12149,Richard Widmark,2,63.4108533950442
10222,Roger Moore,2,63.41048634959836
1590758,Emily Carey,1,63.390502178377524
20374,Teresa Palmer,1,63.38276786015776
1526863,Alex Dowding,0,63.34457027439834
2405,Audrey Tautou,1,63.31656058826342
3094,Talia Shire,1,63.29490933535586
14730,Angela Lansbury,1,63.239215920922405
192922,Paul Thornley,0,63.17020387504863
15762,Tara Strong,1,63.11616029347788
5251,Jack Warden,2,63.052371928442
39995,Michael Cera,2,63.00581649090398
27319,Christoph Waltz,2,62.981163277421
1466,Charles Durning,2,62.660352084417354
1133349,Elizabeth Debicki,1,62.65057012071623
18391,Lee Marvin,2,62.38103719146938
4687,Patricia Arquette,1,62.3692953225804
1666,Julie Christie,1,62.3478884809203
4691,James Gandolfini,2,62.32854858547319
15135,Alain Delon,2,62.28479475880479
3381,Glenn Ford,2,62.21834968007893
3899,Ken Watanabe,2,62.17105431903768
64856,Michael Jai White,2,62.15558528523701
3911,John Carroll Lynch,2,62.04052789517609
28010,David Ogden Stiers,2,61.931420088901326
1954,Billy Zane,2,61.90168976692228
1064,Crispin Glover,2,61.871789890470446
7453,Takashi Shimura,2,61.83788894739732
17140,Abigail Breslin,1,61.78407431751996
27811,Peter Weller,2,61.73418220018011
17628,Mary Elizabeth Winstead,1,61.72902562974094
12950,George Kennedy,2,61.67084532697032
883,Will Patton,2,61.65713553764582
36662,Carey Mulligan,1,61.62758903885669
1039,Peter Boyle,2,61.61622034979505
4521,Burt Young,2,61.52666715712832
677,Moritz Bleibtreu,2,61.51422050317554
862,George C. Scott,2,61.46200032049533
1004,Danny Aiello,2,61.40363629562045
17039,Nick Offerman,2,61.33956637586419
62410,Sammo Hung,2,61.22225217317418
82191,Sharlto Copley,2,61.217756235488594
55152,Campbell Scott,2,61.207976374927874
1146,Julie Delpy,1,61.14069853213612
6164,Josh Lucas,1,61.12017982733277
20664,Kouichi Yamadera,2,61.09320281318489
59315,Olivia Wilde,1,61.034213703213574
18082,Timothy Olyphant,2,60.979156999673265
55470,Dominic Cooper,2,60.92762560497249
30181,Fred Astaire,2,60.92502748489601
477,Julie Walters,1,60.78205211922908
16431,Sam Elliott,2,60.743085715342005
39658,Sally Hawkins,1,60.73770982165741
52404,Mae Whitman,1,60.73660141930688
5341,Richard Burton,2,60.61465971507236
20982,Marton Csokas,2,60.60792866101235
8258,Ben Johnson,2,60.5712944728741
51797,Nathan Fillion,2,60.48492014670578
73931,Bette Midler,0,60.47562248364898
591,Brion James,2,60.418051207733505
13275,Tadanobu Asano,2,60.40974921390686
17606,Imogen Poots,1,60.391288077930874
1951,Elisabeth Shue,1,60.33820770712961
1018,Nikolaj Lie Kaas,2,60.22348230982599
11184,Warwick Davis,2,60.19029374592537
2144,Tobin Bell,2,60.152443845808094
12519,Virginia Madsen,1,60.14572400014312
10692,Michael Pitt,2,60.089932319084234
6194,Claire Danes,1,60.07264841173409
34,Mykelti Williamson,2,59.967593542740076
60073,Brie Larson,1,59.852833644464525
11066,Hal Holbrook,2,59.83601958289548
17286,Lena Headey,1,59.7884971395021
400,Geraldine Chaplin,1,59.76257153007964
61981,Michael Clarke Duncan,2,59.7019603947292
15853,Wes Studi,2,59.61546089884595
3361,George Sanders,2,59.570701318139655
15440,Jared Harris,2,59.56435719775207
10774,Anne Bancroft,1,59.543015896911555
60279,Fred Tatasciore,2,59.52593614749636
113505,Kodi Smit-McPhee,2,59.50068819642161
11857,John Gielgud,2,59.47708354886692
14501,Peter Ustinov,2,59.37194362003656
1164,F. Murray Abraham,2,59.371274503964564
18841,Bud Spencer,2,59.32157124237767
2922,Boris Karloff,0,59.24797601597124
212,David Cross,2,59.242468596012266
3088,Sterling Hayden,2,59.220450578968034
8170,Eva Mendes,1,59.130579290954934
937,Derek Jacobi,2,59.12667715684951
8536,Victor Garber,2,59.115245324158515
35705,Regina Hall,1,59.10173596256428
2956,Amanda Peet,1,58.99073362864088
8023,Kyle Balda,0,58.950214652923066
3127,Lili Taylor,1,58.935059099586134
1635143,CJ Jones,0,58.93288987049254
54697,Dave Franco,2,58.925473554648825
5151,Beth Grant,1,58.88383945329207
2712,Michael Biehn,2,58.83556612829207
42711,Ty Olsson,2,58.78916513578227
21731,Michael McKean,2,58.629451565856606
4757,Rupert Everett,2,58.615444835504015
1902,Dianne Wiest,1,58.51760117027854
4688,Michael Rapaport,2,58.45010102968525
8635,Buster Keaton,2,58.42366861624107
4111,Ingrid Bergman,1,58.41814117180922
29369,Melanie Griffith,1,58.27630242108914
68763,Dean Winters,2,58.243648870676594
77795,Katherine Waterston,1,58.24211273383571
16935,Geena Davis,1,58.23967810476976
37153,Zoë Kravitz,1,58.23936230248083
16861,John Hawkes,2,58.10778635103879
74358,Kelly Sheridan,1,58.044865462337135
72873,Michael Stuhlbarg,2,58.03455929929585
4818,Roberto Benigni,2,58.02808454257487
1811,Randy Quaid,2,57.975779813767936
9599,Cloris Leachman,1,57.92951194634145
18976,Ashton Kutcher,2,57.91085034370966
77996,Asa Butterfield,2,57.88768371744103
122750,Leslie Uggams,1,57.79605241754128
62862,Danny McBride,2,57.7583042391511
25663,Thomas Brodie-Sangster,2,57.72037352171598
3266,Joe Mantegna,2,57.68081934111671
13566,Edward G. Robinson,2,57.47326546753457
28847,Rafe Spall,2,57.47028716529301
17287,Dominic West,2,57.44483664019949
6913,Ellen Barkin,1,57.39116512857143
2879,Rob Lowe,2,57.318225359738605
16855,Mandy Moore,1,57.31410970528421
7248,Cliff Curtis,2,57.25392766255662
12647,Armin Mueller-Stahl,2,57.24413344351772
1115,Stephen Graham,2,57.21482745620914
7489,Parker Posey,1,57.12740255244177
7906,Jennifer Tilly,1,57.10680799567342
9656,Johnny Knoxville,2,57.07767553125997
2206,Samantha Morton,1,57.031344427457086
1646,Udo Kier,2,57.015532167672106
3897,Katie Holmes,1,56.967276947841995
9857,Karl Malden,2,56.89793503554048
9015,Kelly Macdonald,1,56.88276261464609
7404,Sarah Silverman,1,56.83196649666256
20189,Amy Smart,1,56.82178277102258
141,David Carradine,2,56.812882400945206
3064,Peter Mullan,2,56.79348007772393
71189,Cobie Smulders,1,56.770589937980105
15112,Tom Selleck,2,56.73241031783077
2233,Bridget Fonda,1,56.662739041826136
76070,Mia Wasikowska,1,56.625240989810095
9626,Rip Torn,2,56.56000287593157
6,Anthony Daniels,2,56.40738047981179
10690,Anna Paquin,1,56.28393346734133
19119,Mélanie Laurent,1,56.249783547821615
139900,Florence Kasumba,1,56.248397940286694
1310711,Lisa Loven Kongsli,1,56.1931594359412
6598,Katharine Hepburn,1,56.171038673473234
19536,Josh Duhamel,2,56.063690684303914
1844,Til Schweiger,2,56.054399800165434
11109,Nick Frost,2,56.00587157882236
21134,John Slattery,2,55.93015678819002
3317,Takeshi Kitano,2,55.92100464623929
40036,Taraji P. Henson,1,55.91937309070599
18997,Bryce Dallas Howard,1,55.792103537211126
34947,Kevin Conroy,2,55.70393873756474
122889,Dane DeHaan,2,55.668711902032754
11086,Michael Ironside,2,55.658314211034785
1281,Freddie Highmore,2,55.64132222033159
3829,Jean-Paul Belmondo,2,55.530103298324065
17697,John Krasinski,2,55.431719571888266
60950,David Spade,2,55.416311905215885
4786,Richard Attenborough,2,55.35010908037539
6012,Daniel Auteuil,2,55.2769979671198
8516,John Carradine,2,55.26457148909574
14061,Jacqueline Bisset,1,55.221612949933345
1653,Jean-Pierre Léaud,2,55.202390267790214
1023139,Adam Driver,2,55.07529139078052
8210,Wes Bentley,2,55.041603997450814
4251,John Mahoney,2,54.84477716174611
15498,Liam Cunningham,2,54.80308225192482
35040,Paul Williams,2,54.75703353224188
17328,Rufus Sewell,2,54.66703082980737
11805,Frank Whaley,2,54.64200700903148
108253,Katie Lowes,1,54.495300453758176
7301,Anthony Perkins,2,54.48627865052931
11703,Kerry Washington,1,54.48318119951426
51663,Sean Gunn,2,54.468118624945824
17881,Jason Schwartzman,2,54.40423048540321
10983,Richard Griffiths,2,54.36016660719235
18892,Goldie Hawn,1,54.335016866291795
139820,Pom Klementieff,1,54.20882777559201
65524,Ioan Gruffudd,2,54.13864158803348
21127,Bobby Cannavale,2,54.11854087281155
1907,Kathy Baker,1,54.07780260434973
12438,Bob Balaban,2,54.070589917532885
227454,Alicia Vikander,1,54.036112137184666
12147,Spencer Tracy,2,53.973543607060016
70131,Tatsuya Nakadai,2,53.96929605743823
19159,Thomas Haden Church,2,53.967810004793016
3391,Kathleen Turner,1,53.950125632523594
7633,Leslie Nielsen,2,53.93537552945247
7497,Holt McCallany,2,53.903885507600414
18352,Patrick Dempsey,2,53.89561025234186
26457,Matthew Lillard,2,53.789714898611294
3635,Elizabeth Taylor,1,53.75101922633979
22970,Peter Dinklage,2,53.73437738373869
9462,Randall Duk Kim,2,53.72749135750447
6217,Anupam Kher,2,53.70949943383973
12763,Joseph Fiennes,2,53.69767489649375
4515,Treat Williams,2,53.68856910458269
1937,Mickey Rooney,0,53.68228859726049
35013,David Oyelowo,2,53.66108276504474
6692,Caroline Goodall,1,53.58383599209433
7090,Kelsey Grammer,2,53.55233570771657
10964,Laz Alonso,2,53.54787163586063
1284,Noah Taylor,2,53.47219568975093
36801,Adam Scott,2,53.44916353046751
2048,Gary Busey,2,53.44900283934992
8986,James Rebhorn,2,53.4285729246327
62861,Andy Samberg,2,53.426948079618036
18473,James Badge Dale,2,53.41637574436411
519,Martin Short,2,53.399548365576834
24362,Kevin Michael Richardson,2,53.35374988901459
36592,Saoirse Ronan,1,53.27043240523526
98,Sarah Polley,1,53.246559268321434
7470,Meat Loaf,2,53.228903435607435
1310760,Ki Hong Lee,2,53.222394747607524
14261,David Niven,2,53.17493879936185
11616,Olivia Williams,1,53.101715984348296
17696,Kathryn Hahn,1,53.065678959184424
2203,Neal McDonough,2,53.05651481584544
8655,R. Lee Ermey,2,53.042156666451156
56103,Hattie Morahan,1,52.988077511871744
19152,Dylan Baker,2,52.91094755812466
9976,Henry Thomas,0,52.84277433868649
1533,Andie MacDowell,1,52.82229198408959
8169,Tyrese Gibson,2,52.80792011266126
68842,John Cho,2,52.69684133783803
35028,Zoe Kazan,1,52.4896955693256
55536,Melissa McCarthy,1,52.47897160634477
53807,Armie Hammer,2,52.47385592082881
15032,Jed Rees,2,52.39887686118456
5726,Cedric the Entertainer,2,52.248825065052
1957,Sophie Marceau,1,52.24137037069455
22131,J.T. Walsh,2,52.22601716535951
52763,Aamir Khan,2,52.11814784687228
9640,Haley Joel Osment,2,52.05287211970254
8212,Peter Gallagher,2,52.03084819630337
16897,Sidney Poitier,2,51.96180289839452
2565,Yves Montand,2,51.92841477321114
1492326,Brianna Hildebrand,1,51.92705639357296
7632,Shelley Winters,1,51.851798410649515
5248,Lee J. Cobb,2,51.79744185405169
28846,Alexander Skarsgård,2,51.74655943309913
3977,Joe Morton,2,51.677174516301655
6730,Sacha Baron Cohen,2,51.673746120108106
83586,Ken Jeong,2,51.66441684454253
1584544,Philip Ettington,2,51.66124643107982
6844,Dom DeLuise,2,51.595967489865856
32895,Kevin James,2,51.57701978761032
19153,Cliff Robertson,0,51.53447242885433
5365,Clifton Collins Jr,2,51.515429807777075
1063,Lea Thompson,1,51.475396722438944
15091,Melanie Lynskey,1,51.45652284560454
15412,David Clennon,2,51.43386318576544
